Graceful Arbor,Shelf,,https://i.pinimg.com/474x/df/fd/d9/dffdd91963ea435518a0e225a8964d82.jpg,456,74
Enchanted Vines,Shelf,,https://i.pinimg.com/474x/44/5a/3a/445a3a9df8238784d9a6fe39574101e0.jpg,34,67
Whimsical Grove,Shelf,,https://i.pinimg.com/474x/f2/70/d9/f270d9dc6b4bf4dbf4e9ff24d63799c3.jpg,658,36
Serenity Haven,Shelf,,https://i.pinimg.com/474x/f1/15/cb/f115cb9fae2c73f29c302d144f4c08c7.jpg,345,457
Mystical Bower,Shelf,,https://i.pinimg.com/474x/95/fa/37/95fa370e5f0f5c200463f6787c61c7c4.jpg,798,47
Radiant Trellis,Shelf,,https://i.pinimg.com/474x/bb/ca/63/bbca636a1c20504201076af6c31ec949.jpg,443,56
Celestial Shelves,Shelf,,https://i.pinimg.com/474x/c5/e2/2e/c5e22e6782883ee658c8cad46b277570.jpg,135,457
Harmony Haven,Shelf,,https://i.pinimg.com/474x/f3/c9/31/f3c9318d6898adb40cb41670fe0f445d.jpg,645,657
Enchanting Lattice,Shelf,,https://i.pinimg.com/474x/97/4f/a4/974fa4031046b4d7dc5c5c8b5cf13da7.jpg,144,346
Tranquil Arbor,Shelf,,https://i.pinimg.com/474x/27/5f/05/275f05ac08092e4ca5c0855c310c4928.jpg,675,789
